temperature,luminosity,radius,metallicity,spectral_type
5993.428306022465,1.699677718293001,0.6624108625128092,-0.19078075578773912,A
4723.47139765763,1.4623168414563845,0.927740664642241,-0.08603850107795019,B
6295.377076201385,1.0298151849600872,0.6037900395000193,-0.04136055334216443,G
8046.059712816051,0.676531611147213,0.8460192351804798,0.18876876573401905,K
4531.693250553328,1.349111656806795,0.05319266652310717,0.05565531245337582,G
4531.726086101638,1.1967426927108749,1.1066468536864693,-0.13354815690998914,O
8158.425631014783,1.4475966100138662,1.0006027376811122,0.048603628941763705,K
6534.869458305818,1.3175859008409847,0.5914556844659047,-0.15473039889383655,M
4061.0512281300958,1.5247763576596676,1.3296228342162024,0.10826910538870733,O
6085.120087171929,0.7323823942197161,1.468785068813279,-0.04711246518178786,A
4073.1646143750754,1.6586970328171629,0.19622006781551293,-0.009363618873917085,B
4068.540492859486,1.0987998023461998,0.6186376107168929,0.132579664754219,F
5483.924543132068,2.0376304363126327,0.6154288251063509,-0.128716356858425,O
1173.439510684404,0.6554060909552161,0.5300484494455677,-0.13971181851129913,F
1550.1643349739343,1.8679819015826247,1.4147374209658743,-0.058359932634600487,F
3875.4249415180548,1.098955391731324,0.9030869306135982,0.10383788510193166,B
2974.3377593311525,0.6742909981927758,0.8677425793446947,-0.15193460754768426,A
5628.4946651905475,0.7580570829728392,-0.0019311822033767356,-0.2832155598110569,B
3183.9518489575785,0.8398263459028399,1.3177090151046131,-0.04511588584089988,K
2175.392597329417,1.2120829732009581,0.3803708025732637,0.05517407999109204,O
7931.297537843107,1.2614177440177499,1.0299663151331642,0.12002617497388293,F
4548.447399026929,0.7131499980307106,1.138688468979096,-0.0463161362085399,B
5135.056409375848,0.9878227038695085,1.6803292979193256,-0.04114266071160025,B
2150.5036275730863,2.071135179305932,0.34558980044044396,0.11539007342557472,B
3911.2345509496345,1.8637715850503556,-0.5097560779104127,-0.18697416996954208,O
5221.845179419732,1.218161834837016,1.0919247723768475,-0.03885207751830093,A
2698.012845155394,1.0190017390841002,1.9002555907554268,0.019042388992505776,M
5751.396036691344,1.0600156633591307,1.6194731764697186,0.04492187212850343,B
3798.72262016239,1.3067589863652083,1.1048297076373128,-0.05098066931908826,O
4416.6125004134465,0.4886037174007972,0.7541819071839764,0.003444101170584135,F
3796.5867755412064,0.8713117312883274,1.4035612983186552,-0.24883273534129896,K
8704.556369017875,0.16570796306120528,0.5132269001477656,-0.06582484123338483,M
4973.005550524133,1.1996115613026397,1.2381788846781097,0.04535087125544674,G
2884.5781420881995,1.3235979698513705,1.2527350795833134,-0.09822940342546796,M
6645.089824206378,0.758406768850313,1.53010495374944,0.005898422158959738,M
2558.3127000579557,1.7869933816450163,2.3798300194555386,0.0446872500802698,O
5417.727190009511,0.3871171684988294,1.1962079835893835,-0.0342549200857765,G
1080.659752240449,0.2678125598950899,0.7455181871462506,0.01704637709965709,B
2343.627902203139,1.112225909279986,0.9872128439040028,-0.09627325652846123,B
5393.722471738247,1.5235491513060773,0.11546204755544087,-0.020661127969604665,M
6476.933159990821,1.8419638457289342,0.6526434344554709,0.061021616958922255,O
5342.7365623799415,0.77055786856553,0.795358780943448,0.01569729609684342,G
4768.703435223519,1.539340416715648,0.7379558010327038,-0.058653126956393555,B
4397.792608821423,0.9807457652496464,1.076177436016861,0.022421640429079303,F
2042.9560192651452,0.9136863500295902,0.5887900338088997,0.0714609790636618,A
3560.3115832105827,1.4418299687433362,1.5605153336622357,-0.20499412785774782,A
4078.722458080425,1.3261614392067098,1.0001035324590986,0.11590740649558978,B
7114.244452437832,0.2118039215078753,0.9953498394306928,-0.0336254738681072,G
5687.236579136923,1.7382701748629479,0.8360526417435411,0.04254899332402303,K
1473.9196892745322,1.6900456770737258,1.0775953419294895,0.1197246923645228,B
5648.16793878959,0.6872186492452352,1.4125491323338173,-0.1371673697230466,K
4229.835439167367,1.1979017667187044,0.5664348921445499,-0.07094410024275466,K
3646.155999388083,1.2470150931413695,0.6709417554623717,-0.028854869587570484,G
6223.352577681736,1.1303368829119536,0.8481369856116676,-0.07837535211244284,K
7061.999044991902,0.7248474230772899,0.32706453826339255,0.17349365758368085,F
6862.560238232397,0.6641883160309743,0.590371070139251,-0.08567720938267928,G
3321.5649535547227,0.9872229645042774,0.7618895632276705,-0.05555467794868666,B
4381.575248297571,1.5863645096296823,1.4371945903563637,0.02043890316029768,M
5662.526862807128,1.2718000772972162,1.1312806645009625,-0.1202149526076089,F
6951.090254244718,0.814692833956947,1.0967949556837722,-0.039568071175626385,O
4041.65152430942,1.3858493553241724,1.425448981083986,0.031745326125017514,A
4628.682046672366,-0.42427131031503773,0.9313141058003017,-0.033286040438251126,B
2787.3300519879435,1.5743828501860517,1.1952324249644448,-0.009338685889994829,B
2607.5867518386585,0.13014311061095019,0.9483891235337519,-0.05293321124483709,B
6625.0516447883965,0.8187795292984339,1.1326811746998142,-0.1514470309180767,F
7712.480057141645,0.44016505268692807,0.7086206711942089,0.032159321133923856,O
4855.979756839332,0.3526592621395471,-0.21940857913821454,0.17549330716472417,M
7007.0657957840485,1.5804133936892597,0.9328604189068479,0.001840163078343813,G
5723.272050095268,0.7661493993440543,1.71137406804997,0.022526411724754954,O
3709.760490789751,1.173251940865358,1.4631077011207962,0.06927227551168595,F
5722.791211016828,0.976539710560408,1.4826987422955853,-0.12693304965466992,B
8076.073132931939,1.2385204136115608,1.6180653609031088,0.17025146581296058,A
4928.347921780097,1.0384109455301276,1.0443287954807188,0.020232879642280203,B
8129.2873116280125,0.3585038879057152,1.0986578537027978,0.1631856899089109,G
-239.49020817948895,1.49813340972357,0.6911740522828249,-0.07330329955239893,K
6643.805008750448,0.7531217084193438,0.8419635719864751,0.18180619225578248,A
5174.094136476342,0.22170905067012447,1.307885574885571,0.07751554940347832,B
4401.985299068265,0.7859424195170437,1.601942218584408,0.05530400858523585,M
5183.521553071005,1.7503798953171554,0.9302768621595002,0.023402445435314796,A
1024.8621707982143,1.4251108710567464,0.7749053675742942,-0.024852861807444938,K
4560.656224324976,0.8256739327960704,1.0002639794282986,0.12005316584738726,O
5714.225143023493,0.8253711478407856,1.3006033744645573,0.014035986984804696,F
7955.788089483032,0.8391824743913087,0.2780725919332291,-0.19670697035871523,B
3963.459563452705,2.0383739917804204,-0.14809047656861907,-0.11171864617070025,G
3383.012794213625,1.1909677261157767,0.7247315752542083,-0.01858457521927473,O
3996.485912830927,1.2150208235955349,0.3896437870429207,0.03099989831655551,B
6830.804235404148,1.515141727015921,0.7459299011763445,-0.005658848889989584,O
5657.502219319369,1.1193945795132567,0.9261098405912642,0.12189707897936633,G
3940.4795924659225,0.8704789270896485,0.7733757954884933,-0.1951101864038625,B
6026.534866226712,0.9018250754575109,1.7262337672353727,0.01435879365051602,K
5194.155098696081,0.964199370292968,1.16337238230116,-0.1817979225387155,K
6937.289981065778,0.9813888817450792,1.1502371798054143,0.07597122954841684,G
3595.8938122452955,1.3638147718184899,1.311103572021701,-0.009445871444200275,A
4344.6757068044635,1.0259729429036497,0.43058344110961544,0.041960997202411816,G
4215.783693735685,1.3663200386077896,1.5195558937101343,-0.08638829605897662,A
2072.9701037357627,0.9596417099457089,0.96211785673227,0.1279464931657751,B
5592.240554129152,1.0393175951580453,1.3352403086206062,0.10417246640588514,A
5522.110544359779,0.0008996577339461798,0.4640713834799223,0.05835443030118877,B
5010.2269132849215,1.4581638373512407,0.22312061699196784,-0.012951724686344077,B
4530.825733249706,1.1732442379489965,1.4089448290125144,0.05798572852951322,M
2169.2585158991715,1.4990050549298262,1.1882047630487582,-0.07068925679873489,F
4158.709354469282,-0.44812768909684464,0.5489742228212449,0.08555556590207121,B
4314.570966946461,2.044187352390364,0.5651684593626528,0.16494808943239211,A
3395.445461556762,0.9302051859224131,1.5627173922073847,0.10706105599791862,F
4677.428576667981,1.5540914083687583,0.4052940535663361,-0.07296024698074095,F
5808.101713629077,0.48004703643723456,1.8213364766279816,0.03614173172731029,B
8772.371802421061,1.3063869525312848,0.5496896326760656,-0.12931415437586477,G
5349.155625663678,0.47329221841317193,1.3191959628041916,0.057239031117567576,G
5515.100781445529,0.6881155196520974,0.8356907621255076,0.045060341286253885,K
4851.108168467666,1.957015676933393,1.3015937155411716,-0.18698163395321643,F
1162.4575694019172,0.9046587996183267,0.7279429989429037,-0.11617838439123639,B
4946.972249101566,1.1087164365898614,0.9186035469638529,-0.028313889674376716,M
5120.4604198820525,1.435033865344377,1.0204595876978606,-0.030085974714082628,G
9926.484224970573,1.2478409439863023,0.49890627210926364,-0.12094769354188054,M
4615.278070437755,1.0752094525717881,1.3704121727100629,0.038897872935218375,B
5603.094684667225,1.1824805012331128,0.7433932167642074,0.02514736089405121,B
4930.576460589514,2.2017077926191373,0.8857000423299907,-0.019426913197851933,F
2662.643924760936,0.9711906014832073,0.5028253126957438,-0.0755791500158363,M
7285.645629030041,1.1005495233574838,-0.28116682939765525,0.10487071264165636,K
6503.866065373548,1.5253271980038061,0.9044861186999155,0.16554071130882952,F
6582.063894086094,1.552762966478992,2.206307710806458,-0.04835614838465371,O
3181.225090410522,1.59351515278019,1.392302143949012,-0.06121669171548208,M
7805.588621872199,1.3193651110145923,0.9903698101328027,0.04912076654119963,G
2196.2978744154384,0.4284975436347582,0.8685545853958662,-0.03580293797469863,G
6173.714187600541,1.816715766150548,1.0112329464060232,-0.013939720066323416,G
9380.911251619957,0.426827303490656,1.273559557587605,0.07396531517246714,A
3018.927349738623,1.1513177326195165,0.4095935923455776,-0.1909356087507293,B
3867.404540794456,0.6228620749903211,1.557160847334436,0.13183023248526693,F
5199.302730175283,0.9679308267035037,1.357690657720622,0.007268052432934134,G
3993.0486917676017,1.1643812051517402,1.3590928628539674,-0.04114931445621803,O
1898.6731378677346,1.1606786077251365,1.2192378694048636,-0.008923415422144892,G
5137.125949612055,1.2109603771176425,1.009808328846995,-0.003757064497948127,K
2875.39257254779,1.8068556345293234,1.33643061798341,-0.17312013034449256,B
5947.184861270363,1.22676715075699,1.2959070668706891,0.1494938227453236,M
3161.1515315323936,0.8779216823546756,0.8229796445294881,0.0041325632270618464,B
8099.868810035079,1.4820435841441786,0.7131991135515495,0.044300213044737524,M
3433.493415327526,1.5947352444623202,1.0509281476309933,0.09515497705740428,M
4355.876967588649,0.38619609243150377,1.7745100757475938,-0.10211624575603002,F
6627.034434739339,1.298700034924929,0.38044646217304956,0.04734718990352285,A
2538.2713671320894,1.350586371155449,0.26623736712378,-0.02676410908987936,M
5454.919869208259,0.851218248320004,1.0823804206182583,0.08467707752164938,M
7614.285508564856,1.6878534066558097,1.025443850928009,-0.21272274203514954,F
1785.0335308775448,0.9249722064837367,1.086670832185204,-0.0099094300241269,G
5369.267717064608,1.0627882267357711,1.12197659895425,-0.06028206557839616,K
5519.765588496847,0.9134640878580652,0.8883988726825974,0.04322629506341555,O
6563.645743554621,1.0077895237907337,1.7449317193010412,0.047004418736820215,F
2526.098578243836,0.4518624565523991,0.19954801076174222,-0.07076258948220261,A
2359.0867738314473,0.2799745587028528,0.585751487609877,-0.07121738641760436,F
6043.883131233795,1.797252531612486,0.9483726199254763,-0.011066536855732945,B
5593.969346466372,0.5765193258408361,0.17840559442291637,-0.08966422273152082,G
5500.985700691753,0.5043038252718464,0.9120727977839644,0.0841983695452127,G
5692.896418993952,-0.0766950568018574,1.8307350828640092,-0.036920720044744615,M
3639.9505568430186,0.6805191261552489,1.010443244147981,-0.2906988219321642,G
5464.507394322007,0.33845510329625084,1.1153504528593416,-0.037482205662180614,G
5586.144946597363,1.8210075800681844,0.3699176174137099,-0.10385438208439723,G
3571.2971639472644,1.504908544671317,0.6918192959802613,-0.16312758154609455,G
8731.549022289513,0.6559248274111381,0.8124018098380315,-0.12374266382225725,O
5947.665841823575,2.1262179026721544,0.841142451621883,0.010940847183297006,A
2617.3930055947026,1.4908827434957972,1.6408218975018842,0.13286408282482312,M
6313.1072172676595,0.8375843082456887,1.2788455303625623,0.031318447386498,G
3050.6366595453574,-0.24970285743678655,0.444271021531484,-0.060650338821573974,M
6574.169207484904,2.145471286295371,1.1232523892160025,0.04559041951707027,A
7317.191158014808,0.305213766618202,1.2491108742483925,-0.04590903102189918,K
3358.6353632965793,0.1773006265215541,1.5700745192606331,-0.06946003691631446,G
6926.752258488644,1.5112852160048202,1.7902703432841869,-0.11543626682329844,M
5825.561853872997,2.2198762031696364,0.4924529040860657,-0.17518288067517193,F
6644.120319988981,1.692136409255259,0.5945712443948309,-0.03899237065594453,M
8793.585965307895,1.28195456002618,0.37121107054269187,0.015805348992013187,G
4509.223767994259,1.297377170832643,0.8829900704465093,-0.009662367001488974,B
3492.527671285021,1.426707779390154,1.2331791872231672,-0.041596692794735865,O
3220.971140748953,1.3794642948933826,1.493667258294551,-0.09457460606967812,F
3368.3794300691234,1.140595711984688,0.9620244881787386,0.06082461916849685,F
4845.796581171791,1.052100551975938,0.840076238372578,-0.1317131919946585,B
5682.303949633288,0.9687034360502388,1.0758789961243702,0.07760279138434754,G
5553.381598660038,0.6230177055666619,0.5824285491849885,-0.10022170189267249,O
6654.366498072048,0.859662461566613,2.0447693608473867,-0.0752435237353035,F
5026.003783755814,0.15352159290230727,0.19616948644097065,-0.1466785190615677,O
7907.068154314634,0.9508301866026251,1.0923702894478622,-0.05014021468856367,F
4470.686333524088,0.5057044464245413,2.01180310961482,0.09753124584779789,G
10440.338333179237,0.44820534139211454,1.003399922279999,0.05156280884439565,K
6251.334695530012,1.0899470755767393,0.9049804824992528,0.09784221120280351,F
3285.6848871674347,1.6960011431722997,0.8212772885947864,0.052214254593393586,K
2858.2150038777754,1.4591583030011566,0.9098041591187961,-0.11036698285303692,F
5964.944830486371,0.2147496981884115,1.6864242373382652,-0.03307892243275574,A
4553.0744293482985,0.5051859317148313,-0.10593095566475341,-0.07801991291174627,G
6428.000988184184,1.470385593994108,1.7667168506481628,0.13305749040390402,B
5946.47524914709,0.5087563032308452,0.28802142377492745,-0.11967886464263117,K
4854.342174686254,0.8876834250014877,0.8666738353827926,0.08936976893891109,B
3306.4125638631904,1.275026049512276,0.7853777898506691,0.08929538701087693,G
1970.3055506282708,0.5158277725681824,1.2942766348853598,0.18296202017160873,M
4106.970095865958,1.05268775307298,0.2009378240581262,-0.040968659262949736,B
6712.797588646945,0.3329872525408978,1.2310863330409714,0.07123221595801621,G
5428.187488260408,0.6993161780243932,2.012154811643426,0.22816518365388427,B
2508.522442576024,1.1598909670712685,0.31841299770359477,-0.06176416769336967,K
5346.361851702364,0.20350313323416536,1.0948530838051977,-0.153504024753236,A
5770.634759457674,1.2202373689801995,0.6690089111016955,-0.18800100339077638,B
3232.285127597734,0.9901811005366594,1.212943603096518,0.07127120288613313,K
5307.450211891056,1.2762449772085738,1.009573888707876,-0.18831502080585838,F
5116.417436891999,1.1119570670323307,0.6792565454778452,-0.037231905293792285,G
2714.0594043387537,1.682070214986922,1.243936142435537,0.04373131870389607,O
5715.574720696566,1.0626122513239535,1.9021740548933717,0.018517553682991406,M
6121.569052736469,0.7852972294373735,0.9045481041363507,0.04254448641841723,O
7166.102486350554,1.061148751516142,1.359878971074091,0.022228985580085407,G
7107.6041040698055,1.271649014518194,0.35336352106441815,0.12788658133133932,A
2244.661264085818,1.0244300351628521,0.5217818115909956,-0.0952316380738797,B
3124.349920169754,1.020295845601941,1.2362031389401886,-0.06769951384585314,A
6030.070534417319,0.6490041560966223,1.7420580142679825,-0.07726594452708241,O
6027.571901824418,0.6685495412245259,1.17780667439283,0.08301918118626102,M
6030.095372612096,0.29869736410015324,0.8434709847384229,0.09003985883950637,K
12705.462981309443,1.8747883715934697,0.9996457027116771,0.04512253193185082,M
6141.781021386334,0.37806838230435746,0.37479613301514125,0.11834936668899279,G
7271.131280361198,0.6535474011020463,1.3022576631776834,-0.11780408673763808,G
6908.003526986405,0.6407963672154013,1.4411665311617046,0.16672241115511371,A
6302.782502611596,1.4474621884722207,0.7739548335834598,0.15232386217122584,K
4369.4615107193085,0.8525251608539861,0.7649789261202493,0.07356219972457467,A
6517.938440986535,1.623871036336867,1.1329391148260242,0.178179890877106,B
3454.3495709248564,0.6632546878780657,0.7816401319797023,-0.1656623207677774,F
4526.362786519982,1.139497081111901,0.9669336926870887,-0.052444813626265185,K
4029.272904341793,0.5823264733701213,2.049860894583258,-0.07353034606819524,F
5163.748278772645,2.072574563886694,0.8764871496270017,0.07214793237573433,M
9629.317133347016,0.4062007904852436,0.8208299239893889,-0.10501407396021456,B
1265.469614816504,1.1549103551135138,0.6762290971824204,0.07574951493374855,F
6372.520380749027,1.3168884404660492,1.3720959857499684,0.13705361439967134,O
1774.5682576206968,1.2068995487257492,0.9093879133909485,0.06952029000839993,M
4056.136268421133,0.9073561705611458,0.675313480839287,0.028375102366150113,F
7177.901193934732,0.9350896501332869,1.6606520161365061,-0.09878733409007492,B
5128.560038190925,1.0219057359895547,1.7098015022568185,-0.08468509661253647,F
2844.510444141388,0.9264989991857557,0.6997882171306474,0.12496189052966666,G
3569.3925814800637,1.4819395583974548,0.06673002431969188,0.07793490039053325,A
6359.195497869352,2.1052615007956756,1.503756844918461,-0.0039019519377544117,O
3539.2667365657267,0.7212541074960832,0.657685087119998,-0.04179095457658906,G
5432.91717916395,0.3150985102104611,1.3953127995813843,-0.2025807873111377,G
5091.143679807627,0.9558589758243726,0.014948091144082243,-0.10708524186844388,B
3696.7993047883656,2.289854668827159,1.4462986691496547,0.19114190871397235,A
9287.888178650652,0.5981627160151346,0.3944140353596094,-0.12804555710024668,A
6267.8380446360225,1.8195584027220337,1.3653820595332622,0.018947982122108065,K
949.7148266847857,1.8388504070382203,1.007136533918217,0.10074439731951985,M
5372.908629538855,0.7232058791460028,0.5230302903016776,-0.12549226680022926,O
3676.427070463224,1.2844915395926377,0.7964818435366098,0.01847104747810833,M
6704.866669592448,1.814198311564269,1.3431592284783505,0.09379155375106552,B
3414.9585231345986,0.8104361295062564,1.0529472265576172,0.0012499321907250335,O
4770.527117066202,0.8982098199488191,1.292206490236242,0.28684030556667683,K
6009.974557960914,0.7091595430256781,1.9882202922577428,-0.16685992588781953,F
6731.510388340243,0.49262163465356656,0.21787919414447432,0.10587285298838789,G
2599.4071858884477,0.6753612274669964,1.808606287484312,-0.017280173739646437,O
4330.997528318103,0.38802986661887173,1.0521779687616064,0.07719201548366751,M
4050.1093776780876,1.017041734129613,0.5506079758384359,0.04413071516992459,G
3693.341534852576,0.6150133844706791,0.3348431871305051,-0.07331561971099966,B
8530.908480562193,1.116892955895374,0.9054398046114832,0.022899639245934026,M
5809.9634219219115,0.22205217689818635,1.4608250559622298,-0.18579014513982872,F
2478.2320913299095,1.1654401161072285,0.9362254398112329,0.06032475005713938,B
6835.723894109552,1.4167644808044624,1.7555774651236737,0.029815846599052565,F
9244.312394025266,0.0031321787142722934,0.27441215497422056,0.06386601686431025,F
7064.930521102294,1.187028284923786,0.9939555260769727,0.10581183250871502,G
1961.2600680919732,1.6138344962366462,0.37380327779344047,0.03676198402097109,B
4031.5318542674972,0.3951794906543973,1.181815941312484,0.014808941979827621,B
7533.822298373245,1.8362861934188517,1.4434436950486502,-0.08810683366612923,O
3584.661068762439,1.2095095046830227,0.7896191031594734,-0.0712220763649051,M
5887.638856292457,0.6474940721207956,-0.3021069283135671,0.1186734620177331,B
6549.2681068586735,0.972115461171147,1.0994740733982473,0.14363354057059785,O
3146.139056843834,1.2791634562608611,1.2183692758667548,-0.023811043631205408,A
4880.9492878763995,1.0380026957062058,1.2021473774808489,0.004600274725327412,A
-1482.5346801381447,1.2693779962231846,1.617891095911077,-0.09046143749937662,A
2951.2247173314204,0.5396632034603168,0.4644731601754756,0.11727568452674449,K
4494.863697213679,1.0846804120180389,1.3401080527252247,0.06654168236917787,B
2504.433636070301,0.2931427515475099,1.5962537562389874,0.1941217436463749,K
8264.82260786327,0.9443869693256498,0.11070620799674158,-0.0878323077179739,M
2139.7172440787344,0.5480461792676051,1.1598259129594886,-0.03780078990182172,B
4119.9110266060325,0.6322350287051167,0.7479100844961643,0.02314459225255723,O
5261.481154572182,1.6180465876052188,0.9592386634491771,0.06464895377257707,K
7882.546578132231,1.5456550602971344,1.1738382417691682,-0.021566763754763234,K
2128.275697641121,1.3045690604535884,0.7563857179432238,-0.08729610904537005,M
7326.327504309919,0.4538436176637105,0.6621459604191942,0.08814075289235712,K
5020.4661220391745,0.8417957751525991,1.0170762087440124,0.07211353625455817,F
3036.982697904098,1.6065488499895917,0.4563770305685987,-0.0916274100563725,O
5924.206948526542,1.0708584568199524,0.4570874355574073,0.1355442801105496,A
5398.11939114694,2.1596647699908473,1.3396866414782518,0.11701987091966037,O
3799.5662456824107,1.196658919697186,0.42560298242067196,0.013429649724779289,F
5139.604169980038,1.0960245582450159,1.333156250454606,0.00795978623760364,M
4229.372806276479,0.8454417678987494,1.2312956464269755,0.05540577711159072,M
5227.034690502496,1.0667704523911412,0.13709663560470164,-0.08617030702562582,B
6324.261349042094,0.923765081809728,0.6612176738321724,0.0030031479164082174,O
8172.033632290704,1.3540543383442953,1.5970547015236862,-0.21523835446091805,M
2524.369002346302,1.4783511583972921,0.5094172344301592,0.08764556455029356,K
9266.066749312533,0.6070052697460253,0.7677978688453062,-0.15614932224418596,M
1095.8244009549962,0.334383523221111,1.2310304466259483,0.1503419828428999,M
4696.4298099288335,0.08189731344835172,1.3916952546412977,-0.03301200939664503,M
6176.634412969153,1.253995663456272,0.8742305569777522,-0.02116669819311769,M
5561.983735470065,0.4483166969130632,0.7012449026541792,-0.06277339060845057,A
3754.6009603588127,-0.07644529647624143,1.711184930849254,-0.02880388739220764,A
4583.755499285449,1.1942893022654821,1.8694498318987893,0.14185313451480366,B
4013.9981306823342,2.2464997587163955,1.4894290253908977,-0.24878086565350796,M
3821.270486111577,0.9969645442300533,1.0426590712825121,0.12769653860881877,O
6699.2041940420495,1.4192453872258208,0.5958671391795368,0.03380234811017082,F
5714.030971930095,1.0409146792737825,0.5847777967217174,-0.12070216478572156,B
3614.1808094786916,0.9505551734044286,1.2612570526328788,-0.1075312393049238,O
6799.199750866502,1.4595382414938842,1.2091991104443418,0.1676393027208203,M
5614.599041753218,0.8548627279056743,1.7007992964732148,-0.09455068799427313,G
6625.72423767792,1.1336961570359514,1.3252250462680695,-0.11533505105959595,M
6259.257683847224,1.1608489030980067,0.248459849120091,0.11373145423647293,A
3342.0099781558556,0.6659547731784756,1.5259738088614592,0.03385528762859143,F
3879.6379196060607,1.4960211747682615,0.5009696863427935,-0.09379255765363989,K
6494.587210246524,0.9125201216522957,0.8080143640238242,0.0216624975404619,F
6220.7405308669295,0.6221274202535776,1.1251001031258472,-0.10257526836402774,K
4958.196812071704,1.2682549217852017,1.9978337448919823,0.11008213984226052,F
5234.654766617564,0.5507660091044814,2.5549592780026806,0.10613709648731336,A
7555.32979157685,1.0140905786845642,1.3033615295680914,0.053200619882194315,K
3816.85722232834,0.9954405016778982,0.908401690639806,0.03616610612470166,O
6094.194762340076,1.542947782915789,1.2672528242402752,0.17611881248673739,K
4595.614695132212,1.2373491164399764,1.4438277129369181,-3.136726117747121e-05,B
4564.63759354556,0.987486520627428,0.8396661872214042,-0.11818741254208012,O
7197.55370397438,1.4088831496001435,1.897605677956161,0.04494739128323069,B
6650.8326979760595,1.6951037745086568,1.115035379595701,0.2086047049537114,M
6627.019272001277,1.278905153175931,1.248871544545697,-0.10147594931858522,F
7610.957614308658,1.0051763099216904,1.3329621260272306,-0.036146276669398576,O
5042.007683265518,0.3440818838249202,1.2107933053072277,0.041644603810145266,F
6363.905942589928,0.4674431684623137,1.4194702502348062,-0.005390484900573916,M
4379.466486813088,0.8473876478226662,0.6913734067265385,-0.09823035803773146,G
5648.332704976884,0.6952438989203584,0.7208491230269847,0.1121857856230471,F
4739.713891264631,0.906514348507277,0.44992288351415255,0.23200407220172595,M
5193.991929985436,1.0283249624485535,1.2197506153101132,0.019613145902390734,F
6190.314050873827,1.2648463771783653,1.389468251756057,-0.09040682897360003,M
3363.558633533055,0.9647506109704544,1.2288864330759428,-0.15489605250534752,B
9184.77455137092,1.2432508219131009,1.8372462166737686,0.025797598122118088,M
2987.965237000596,1.03223720740506,0.9972019905854768,0.11038773433162577,K
2571.6227744245357,0.01226671682306435,1.3343708277962563,0.047516774649538164,G
7316.221747000136,0.5303323030906228,0.45414956193034284,-0.00024038409188538443,F
6583.325387925872,0.9279562221391923,0.8064501487627995,-0.058927165178930624,M
6248.23963410431,0.3951526285794462,1.3477688787828888,-0.10921636327180897,M
6256.69101852856,1.2999643649981023,1.424551055371572,0.08347513263248822,F
4975.506454306171,1.7653754161718487,0.8530165261679089,0.09137716213855857,G
3205.491257028337,1.6093809258486584,0.9642003740709666,-0.15457297866907332,G
5151.609116387453,0.893278564534896,0.24106312665959528,0.1589838978180684,M
3645.6765769757767,1.7453630684249761,0.8214853995966953,0.05740712208940013,O
6950.239466835503,1.0743337286010557,1.445191581759893,0.13995946451457936,B
4705.885236995723,0.8314570144409803,1.2876025080532831,-0.13421277484851152,G
3349.0056064149767,0.6932986682295301,1.2503328606906048,-0.1365824155415439,G
4357.228316694013,0.8487651567559358,1.02488684359048,-0.014896930976729693,A
5825.862908551248,0.8059115907293857,1.0035315793140882,0.05027844268951942,K
3872.5508943920504,1.0852081111877439,0.6698394302632764,0.17963608229269637,G
3355.5592088671374,1.0802869905249324,1.3494142101012674,0.07060789138151316,B
5487.374422983825,1.0015230100767072,1.2104864721946949,-0.024268127681203334,K
5489.9331422174455,1.218469084873175,1.2460094239963997,-0.10263692076658922,K
3986.1136492577407,1.5953231373931707,0.7369825786662099,0.12300005727191501,F
4057.9233887633545,1.474777067720662,-0.07667145993562219,-0.09647054257507148,F
5464.099874715273,0.25755101577504824,1.5485763558768477,0.16284685547723218,F
2103.8313170053516,-0.2769605674509774,0.760581271995798,-0.028438464960650934,F
2185.0724512468896,1.4671599556196369,0.5686121179784397,0.15905820726178505,A
3563.111557495128,0.31656065079228946,1.346739455956997,0.06789312900592784,G
4573.1056965763055,0.8876172990536583,0.8039936800404353,-0.013699548944245826,F
5621.815131196009,0.41494348697032024,1.5299681920233108,-0.051939637182612665,M
7950.712433899103,0.09900978120999016,1.3085029747883488,-0.03409078773460798,O
6715.3192464040385,1.270731364102394,1.3417846616002387,0.04283166923752375,F
4680.122940073145,1.3795775801513235,0.31702214439973286,0.007715649621771674,G
4961.967584194623,0.7117447996366403,1.6059719926932003,-0.059381140806870514,F
2994.9412707243823,-0.29552114607245494,1.130625265616928,-0.016563141031763224,A
4962.97372801522,0.7268777758737586,0.8153614303768985,0.00785770297191498,B
4422.682722159723,1.1959020027012732,1.0716942336711255,-0.21287340944148123,B
5645.437120676179,0.2605442156129356,0.11188238355084001,0.04581681147886987,G
3345.538112895354,1.0916799598895779,1.2043264057403353,-0.09797212247168069,M
6038.693028482345,0.9923450754135023,0.4853142459089642,-0.11533324032057451,B
8065.477826005155,1.2896457498005442,0.3236648570782328,-0.16873443471107105,B
4782.479703086285,1.0597901842070767,0.23882040689105444,-0.17938924978678905,O
5803.423444197882,0.5134655295592223,1.5563441874949626,-0.13554475031122892,G
6380.287983422225,1.5982857508322457,0.6853683031536056,-0.07090209576304905,M
4197.559056228328,0.920735213486515,1.7668638549582496,0.19532591375265684,G
5448.1849636208335,0.9863477302450341,0.7320992684738511,-0.05258796758952039,B
5025.18480156359,0.533366020463402,0.14632102120352664,0.017775010626803135,B
5195.3521970976635,0.7783588744042449,0.44173778002567043,0.04004813865063287,B
3453.980432289067,0.5575986429865496,1.6179058100034693,0.013106518621584873,K
5049.020348517885,0.9135269700382885,0.9220509110316663,-0.007744346072599365,A
5995.9965824908995,1.8558542400711717,0.7258563517546995,-0.11952937635992447,F
7902.287215590083,0.31404942853432183,1.0800091129263938,0.1450927548279212,A
6918.541652170414,0.19321930106162943,1.2508913680837725,0.18071966436378853,G
9306.364915023114,1.7355851637468043,1.5586994079512304,-0.1682658694122686,O
3465.3048742239007,0.895338161424067,1.724249614946463,-0.10240285908863796,F
6744.641273441356,0.6654636306700417,0.8201156771054572,-0.02798103423770061,O
5366.684011476704,1.5199523436980382,0.33697615695898087,-0.09645377949101913,M
9379.605866435344,0.697192230131568,0.793267419438362,0.050596555345586526,K
3383.4034292896968,1.913004856773468,1.130140253291443,-0.07282722024066131,G
3320.556315638448,1.3389629356696346,0.5181205368946946,0.21650560678066025,K
3801.214709111956,0.7560442959271487,0.5214245425524786,0.11905485943435962,G
752.2085513803859,2.0786541066327517,1.1718939407749427,0.02125740306322149,O
3948.489956638478,0.6971425384983307,0.9756738242147744,0.10269862633197323,O
3481.734676892604,1.3710476860046534,1.0163984977057932,0.1105900424357309,O
5300.787572952415,1.149646290203246,0.6207523326499653,-0.056394748805824325,G
5683.511951554319,1.650870644699399,0.8847996428971163,-0.08162172445419648,B
8752.341678431772,1.7807555983634265,0.5378834278658478,0.007814306296964744,O
6900.847676372101,1.0160020745328833,1.4450992055623935,0.08616361244979441,K
3846.1926886751935,0.6232910648269083,1.5176246673618763,0.013906039865341766,M
3203.1706573032843,1.2299860714695583,0.07690606888095308,-0.15769964821909974,F
5983.838343013012,0.6611423151239469,0.535244569903795,-0.08028244439508424,G
2359.533585958716,2.0066936237633115,0.25173537245496047,-0.007397286359437804,K
8662.917531708707,1.0682676655413688,0.674988032796551,-0.007566560432583027,A
7358.880241442574,0.8173392243439457,0.9582810151048196,0.19725421767898083,M
4061.6486957905904,1.0923401529324541,0.27517739015073495,-0.13859879423989982,A
1573.730941818245,0.32643685523515176,0.5390700934373434,0.05055892418358746,F
7707.744748330826,0.5141929807446742,0.49802131395925076,0.14891131083282896,B
4770.920309494764,1.6002069539722128,1.103633664699472,0.2271449745422796,O
7475.632623946924,0.6715528605143022,1.0346721685181253,-0.04043974231839613,G
1811.1446824112659,0.4765445086590302,0.6391312233313733,0.04914294527201998,K
3801.2499540924546,1.268326376263643,1.088410436069699,0.0569760357198647,O
5010.487399436366,1.5928520773314985,0.7266599577063673,0.019548173155329085,K
5093.961187529484,1.3594766553325335,0.8641724448369734,-0.009884520123930606,G
4099.869057041513,1.4980238429029082,1.8367260451492684,0.043597538950004594,A
6245.699864694998,0.6216024557152696,1.670230525895174,-0.25322460852196854,O
2864.759141234811,0.2890946666290781,0.3502093815362012,0.06820694900626313,F
4715.241029957413,1.7506668259777434,1.4148662089395874,0.012617790366196719,B
5240.5912634237975,0.8386600805789322,1.405698277245796,-0.02224748967782654,F
6028.877668117498,0.8745834917724763,0.42586835562369085,0.2046862195719558,B
6423.22975617778,1.6640970709245289,1.4093888218774304,-0.06749340187905523,M
2750.7158163242616,1.27811500470033,1.7689659592062763,-0.04030759890650308,K
1931.7716585287553,1.2279438860408038,0.43872759687779306,0.1991553302204734,O
7555.353643797018,2.082501172450542,0.5412485894928682,-0.08320613048498567,O
5664.628023959183,0.6782408848099285,1.5088307334217512,-0.05501152829365389,M
3503.026926886893,1.4639200640406185,1.135747655412824,-0.014702542343084999,B
8102.303951045045,1.0285065624485423,1.2757381376197616,0.08407344821295493,A
5231.349268585717,1.1342961394316284,1.1702946082002483,0.02078025073533134,G
7358.594368127653,1.7642342132062658,1.195347960464072,-0.12926253471522628,F
5135.036962820218,1.253917878144812,0.3367639358444585,-0.053216856312718955,M
9121.495849763975,1.2691480395248165,1.523658853310724,-0.06073544332122114,K
8510.68168488641,1.536253668654901,1.5847949962138868,-0.007722104522304558,M
4502.071703041853,0.8175236352285573,0.8853046279659861,0.04258436586298291,F
6943.141901908711,0.5803951663304968,0.9782615250930687,0.04182057558879721,F
6290.751899170295,0.4775954029894832,0.23444624872213893,-0.17760117540484022,K
7737.263115064698,0.016821705311999113,1.2571273780089174,0.10639409875608562,K
3070.1530788397913,2.028103564970161,1.286028720857072,0.02525688459966235,O
6372.102919996879,0.44839581713915844,0.9689044915003445,0.13845320475939063,F
7116.848973699176,0.889373188207114,1.5621766799352512,0.04441983272906719,G
1482.5210271537712,0.8615933500555397,0.8329613845100298,0.11013229577357622,G
2633.48297466845,1.1537033489045503,1.2823029629468001,0.046654531145012695,B
921.535644479799,1.4078686062696484,0.4901678306539422,0.13462257562027483,M
4461.186331110885,1.4302367441798727,0.988223924562881,0.05222506360177786,K
6435.084511591925,0.7084612807155308,0.9128228710485821,-0.009791524644290407,O
8004.714104192057,0.9164391431067942,1.1126539610204709,0.2272434720446882,G
5148.189560839551,1.1412899752441499,0.8152365355833207,0.0889037122279892,A
8257.231091142585,0.8756544369082264,0.9342637021641661,0.05737444210044132,O
2239.797083570217,1.8036727880099963,1.4130235857207532,-0.1276304416538336,O
1593.2351212896906,1.2454874758191257,0.7816178813808913,-0.12883076174635377,G
4888.904602206762,1.3674388930249086,0.19671144963066034,0.02927154821418534,A
5768.130897878615,1.3314406343337064,1.8747919521027103,0.01455211977682408,B
4934.610503811814,1.5867369287426625,1.6907270393452434,-0.061412256500831625,G
865.1157999202469,1.0905107793518534,0.3538686524471907,0.014098269961206,A
4821.759920974423,0.3515840260220767,1.3448539026225972,0.1588626928043596,O
2391.0609989902937,1.1998439758763209,0.7485126147243284,0.06954024745502987,A
6339.345097660077,0.6743215531040855,1.1317436076655298,-0.11410085097527384,O
5733.196492193696,0.7356916591251216,1.147112064506747,-0.011150882714294371,M
3120.2404273452894,1.2931820093775466,0.882796099841839,-0.08049664808525608,G
3972.266165326613,1.619141535716818,0.6081171672068018,-0.03876999164085612,K
2881.5729562220968,1.0106357883680308,0.6547294738418703,-0.041361566562964275,G
4874.641805453656,1.1544165062994818,0.5419040422593788,-0.04776455826040052,M
6910.284641002477,1.851107472317619,0.5840888958847776,-0.1255135371973395,F
3028.5479073289125,1.1203765897442841,0.9664108549753224,-0.012765468151819013,F
6008.093031035689,2.300841557090197,0.6421200054446241,-0.056060763684731,F
3939.484763255118,1.2827548228157721,1.34102603285631,-0.2929448690002268,G
3414.2543354753116,0.11961862042209115,1.7436230776679635,0.2052972024501663,B
4785.9392800908845,1.3766708105522663,0.7099733793149785,0.10887696542166721,G
2929.515355161252,1.1905791924413889,1.1197022502676885,-0.03763007249249961,M
3892.701389305636,1.6448763770413728,1.249842555151467,0.0018819049740598425,M
2604.244214822303,1.3365906756349792,1.2360011354596372,-0.11716543473175618,K
8929.450265832778,0.9307720080081131,1.0379776339580438,0.16957228778108654,A
5070.527103943457,0.38785088185531713,1.3713412091798611,0.18972886947731116,G
3600.548984014829,0.8954883713569873,1.2411244763403286,0.015669372824652462,G
5427.959821468444,0.5747397728953499,0.3811687888363511,0.10235306441853448,O
4775.343900618341,0.7097382750976386,1.4345780321946366,0.017528677893392387,M
4558.060800933554,1.2942892022103047,1.4436454186333711,-0.13367254388759306,O
6228.333400086851,1.8349522521757031,0.6183569479107092,-0.04118233689636573,O
6515.01542009461,1.1973357649114906,1.018968917723801,0.013192796677195707,G
3938.9977047789453,0.4020584689824078,1.3416644964055346,-0.04545477187434442,B
3848.36351871064,1.2223013341100704,0.8953430902103192,-0.0218653277435036,A
4449.896605696712,1.5983157433228254,1.5364890238830058,-0.009139955750911446,A
396.15767052883075,0.695108547840309,2.1819362473096806,-0.008087849786546131,M
1969.6178756028953,0.9329914166635411,0.6070069836825088,0.005225849049748321,K
7733.74853488905,1.0073440973645986,0.30947769842311257,-0.1060605066396601,M
8289.935427002567,0.60755084345888,1.151909297802438,-0.07170161491279363,B
4501.927920887243,1.3241402169219296,1.3607812525630718,-0.12845842656999693,B
6153.113926111533,0.9395259256961093,0.8845668130776155,0.09778155496862004,A
5622.500309087072,1.209766221953514,1.7266303316605172,-0.21056469418403245,F
11157.761616910477,0.55625391109895,0.3306971001383756,0.11535903433169255,O
7239.1498228691535,0.7812708498382948,1.3464593115158054,0.13863493972628435,O
4744.164817038467,1.3611906789138857,0.6970695896205533,-0.03021805869826214,A
3088.9191187991482,0.8135834239541165,1.8596889531036482,-0.26031370878272986,M
1787.107359484855,1.8634819256167026,1.9962576765840592,-0.03613105619672905,B
5406.927271734447,0.8001819071926988,0.616671706108326,-0.006418416128881928,M
3487.2985094313935,1.112342362875943,0.72522143204571,-0.10105982199289135,K
2155.492580804652,1.4662954159365449,1.429793943489901,-0.051521839380824275,F
3706.854231514947,0.29081713353348415,0.8064346751052427,0.15301951988633514,A
2836.90399277121,0.11959559400961206,0.9772943910338809,0.0664927162301741,O
8374.28327014513,0.23717184271495262,1.012694210271205,-0.09245641143781,G
6763.279513898901,1.631292051713591,0.040163421901171836,-0.15975991695954322,M
4984.0547173667655,0.7240709270537766,0.9930811269528814,-0.03270173176097711,B
7959.888277780052,2.279099642834126,0.6551361129679131,-0.021345677935043827,G
5154.736615295236,0.7178762006713058,0.753438588800114,0.049619918736331634,K
3277.4315973434727,1.0922756515985186,1.721816001734407,-0.0535316712567659,A
8046.248154539315,1.7710549762839378,0.37174655286037184,0.05114995753618615,M
6077.820087369318,2.0030464440795615,1.4066025933739885,0.19351540400602293,O
2925.507691347087,2.0307517883181987,0.8605185348340958,0.08155010224442627,M
4619.322643832784,1.6041831152965713,0.8601199157520828,-0.0048088507330772585,F
3248.7634932304854,1.5120312629057313,1.3951859480258557,-0.01831504710532947,G
2234.400538071328,1.2962634746005914,1.1700256472844452,-0.03566731341798712,F
6852.3550950632825,1.3891805380833189,1.2853064986097655,0.11806409124521447,K
8818.83328094026,0.7244071418357333,1.4840923302664306,-0.06273134459513029,O
2202.8648523617176,0.5909005582888465,0.8343458084083386,0.004522270899998257,G
6125.938473381142,0.998312771294524,0.6938816327461248,0.005119790188108535,K
3698.714861756346,0.9149076887375358,0.45742473672110096,-0.0501784192811532,F
4025.749232470608,0.7733859753363624,0.5872947350105224,-0.13724655478841008,F
3815.2121515222616,1.3481937237283577,2.474547212654363,0.032297450361766816,G
3272.018460640368,1.4776526042852554,1.6223397903683934,-0.006100397185538356,O
5097.043255889654,1.0442034431459237,0.3244628168959893,0.05002404694365699,F
3338.099767177924,1.738765040527631,0.33877102162821493,-0.053360030643916694,A
5540.913651559677,0.4291554429332475,1.2409330308592457,0.12208212988130479,K
4899.523781101726,0.903170270360141,1.2736323986889835,-0.08767737812118448,G
4522.103906267181,0.6415888396985976,1.2744419176586823,0.17120402840178928,B
3184.872675916804,0.06673169146347002,0.872522103223151,-0.17476365098282617,B
3846.4573388633344,0.9586596570786504,0.9372728699985499,0.04347700645568912,O
6510.782451651512,0.9391262458083582,1.1639397620796788,0.04754306825266235,A
6001.834375248762,1.7567248716210655,1.0429465031466651,-0.07955570679408824,F
3044.889510402898,1.3154058422773889,-0.10965018637376756,0.04243939378610126,B
5198.664610858452,0.48790658783539753,0.8851001847124031,0.12795186697601588,O
6502.774246743578,1.927046283167094,0.5742967828698432,-0.22168188393540644,K
1661.1894377572567,1.6105168477626766,1.087605709454256,0.05027448074908147,A
6086.72038475987,1.291048851734308,2.492629501301705,-0.24932708203300777,A
3674.7524821083066,0.886757950575084,1.1837408327371521,-0.09656648035232081,M
6141.197337186319,0.5202803816382602,0.843235156913801,0.16291663649009452,O
3473.4816869149663,0.8138966119644735,1.460900750988626,-0.058178203339205405,O
1390.2357986709621,1.544374309852093,1.2413439436046063,-0.11738799644089726,M
1744.9151242336748,1.9422931529673044,1.2100472452259206,-0.01979377289846819,F
5096.1698933227635,1.7716217641360945,1.3034252966078355,0.2067906338163552,O
5519.445003442964,0.755575289106863,2.0282717824147705,-0.18316822472060262,M
3191.366749791183,0.4401912833554944,0.4345557823370422,-0.10513099116393446,F
6277.184917554748,1.070443123455602,1.2368160384057272,0.14974316831796264,F
1676.9598754620802,0.11578031721857418,0.5368094350092307,0.18577023435377327,G
4867.840402705367,1.1615838570923906,1.2777563231711242,-0.010343122429028392,A
2577.967600475087,0.9261987068506656,0.5406567442569528,-0.12390527025266425,K
3696.3277843956816,0.7669817490658789,0.7913165931974578,0.20958435018091592,A
5094.797342632828,0.20264846636660228,0.8524550428810469,0.15944423917491968,A
3279.1732694320954,1.2568000532848582,1.4879083596723546,0.0678946987762233,G
4230.888911540349,0.7336495801690444,1.459227221971207,-0.081240234893742,F
7012.585618428881,0.415041582144856,0.37714131177680776,-0.0049029340838036735,F
3846.2162609537027,-0.43613110664082466,1.0274670554999243,-0.016036008104483076,O
6671.384224130284,0.9862425474746819,0.6452100726254137,0.033085130461557775,G
2740.5862906847638,1.886125798334872,0.37074754466233273,0.1451001438131336,O
6059.608355830565,1.830629607273935,0.8914914747878148,0.08794170411374032,G
7883.137241315801,0.7714518717068641,0.8457586057720902,-0.10773760769847583,O
56.71099974542176,0.6988939698191097,2.2133582431727614,0.13764964500195379,B
3406.2094890590465,1.2343871280375118,1.216479912680348,0.03131321400131553,M
6154.14425436108,0.5008072804058543,0.31119124962288136,0.06870657958589163,A
4593.909227914015,1.1508959499097329,0.7176129979145289,0.1466540859278603,A
5742.291746742618,1.383040139192345,1.5106916477146992,-0.11115802495135513,K
3792.029626568359,1.6134666119421537,2.0442213864349625,-0.0035825578706462934,M
5173.1795749458,0.9499229617600236,0.20700834388102085,-0.053145455135921504,F
4688.645529215841,0.8981631249115171,0.060037807430477486,-0.1567859425365456,K
7335.564123319615,0.5610087066217195,1.935482587685891,0.03467099776049199,B
5508.841686602426,0.5865598229800699,1.1948070886854518,0.25115565515844235,K
5675.2053241504045,0.8867605540492366,0.5658536340618168,-0.18400777445057528,A
4176.246067755065,1.183682753408089,1.2673145430612176,-0.003228061104947033,F
4024.7875518550127,1.4567923131166247,-0.3178738695084389,0.06405429350747735,B
4134.883624360758,0.5984105246598276,1.0016877532985804,0.012307820165618115,A
5788.904284756593,1.7463442844797608,1.1639105864215427,-0.011312805251574042,M
4158.031038359474,0.8644381994787156,1.4621350697689148,-0.12992163634458243,O
5579.549713792826,0.9893163528257819,0.49305202385373115,0.023278674294016366,G
9150.801597290878,0.6263941604260883,1.0428435807016796,-0.07567639770159264,B
6742.249406863384,-0.2121201301364708,0.5372876869702063,-0.21899217049785535,F
4347.952935664318,1.4420226981805249,1.1276918778371585,0.11945922205137308,K
7402.427844327889,1.3684219485462168,0.5523268388184879,0.09583858198420425,M
4183.849253956897,0.8593362214408933,0.7959495804198897,0.0051660976851079805,K
923.7509296442922,1.033495358612436,0.5020923026048855,0.022907468820570258,B
2983.827378165192,1.2579696088520498,1.3255681209118286,0.10743180127155615,M
1258.4161579482889,0.21872707155672866,1.4292255583283326,0.02243396567780826,F
4296.973031917382,0.7354736613268527,0.8826897150212931,0.09040175547613144,B
5036.836758379103,1.3971323398109137,1.019118997480014,-0.029748220087385015,F
8352.874624550564,0.3728552884153753,0.27570429268322794,0.13119837385739466,K
5653.854747528325,1.1467789660833145,0.8501616759966064,0.03207857259326839,A
4561.798942382272,0.3217090976882975,0.9748976914791276,0.019405194360587404,M
6658.811162366978,1.2332149912167631,2.3103965455149877,-0.1270061088712032,O
577.7293819842298,0.9821792588512582,0.4440164871129182,0.028695585430170874,A
5471.229116217132,0.19243409204724526,1.7320886193762188,-0.08319549174944513,O
6541.730387773934,1.5823696772285856,1.498429386732904,-0.06382827265284942,K
2042.8275084403167,0.6327042116009753,1.1403182022450682,-0.08153756283161212,M
7287.508086413858,0.5948737814928096,1.8793102420975667,-0.10662349318992251,A
5676.992814988828,1.1002845986154715,1.1860527363034314,0.21247714030169618,A
4169.424172198397,1.5743186747143576,1.1945795978339644,0.13313390619884033,B
6265.563732212569,0.4920890905108015,0.9734396734912273,0.19203675021442612,G
9541.38571560879,1.030839924923986,1.6117844412093136,-0.12228950195555639,K
5363.73251011699,1.2144082501652864,1.5482346169054417,0.007125374991089249,F
5496.441172600672,1.346552803631572,0.6871613562518938,-0.12935076252040958,K
4081.2782009195116,1.0882207776386126,0.3403764027006163,-0.0695694877197064,F
3300.3112610704165,0.8164860804583388,0.8985096813021715,-0.09181269834165749,M
6660.671633088491,0.5862048896756402,0.5999807178011768,0.12395840064415616,F
3287.8323481822654,1.0430719415231873,0.9682377126923225,-0.03962296781017599,O
5143.132474438785,0.46393049400719655,1.6187190673420697,0.10683793336940164,F
4044.6851064697667,-0.4606752417473037,0.7713491724566051,0.0604120889588518,F
5957.959651492783,1.218279902078834,0.9785883093442126,0.2303638752104789,B
5667.324210573896,1.4519674205430977,1.0290113674041976,-0.1479444223139724,A
7075.079888515798,-0.1814662177709192,1.4242154411026422,0.1259233239786799,K
3979.967202290506,0.49513464764503123,-0.12344466699230261,0.11464408704007277,K
4460.250129413257,1.309577130502599,0.6966498526173517,-0.09733788380270347,M
3042.4725684353853,2.028747734855849,1.1056418461397364,0.10071333364731597,M
4111.413479847777,1.010396853837704,1.6000394782134306,0.033614496302622886,F
5754.600986089705,0.6359985293854328,0.7540487762468975,-0.02274762599534078,G
6513.977233290703,0.9085517794475799,0.06172364697906296,-0.08239354869719996,K
3155.6693516447494,1.6874382095740925,1.309855722983068,-0.0719109451449186,M
6739.21184021132,0.6770179104377323,0.6823188055871854,0.20498120957859262,F
7711.275717609902,0.6004039966748732,0.40516667045481936,6.82818957482628e-05,M
5826.869806447402,0.7586282389089838,0.687827305143388,0.07821300015314592,O
8753.591625116132,0.5233356958706439,0.9077373211720752,-0.07908993816675532,O
3452.421601792854,1.0613351579973977,0.6976276677308937,-0.07798529462216389,M
2510.690593377166,1.8123392292347802,-0.10278302854953458,0.10819848092499423,O
1442.5595021914428,1.1615396365580146,1.448533098443566,-0.13495762115515322,M
7992.088622978366,0.8738232489368563,1.6374375206393612,-0.041521376790527156,F
6308.731312708115,0.854094365542228,1.325760995669753,0.003402741107223205,B
4888.83065817909,0.21840459565167147,0.4311571647875917,0.011137260184005243,G
5559.93725263964,1.4415548885735796,0.899254233026241,-0.017909328501615626,F
2749.021905403247,0.961081401493599,0.996739342385271,0.03958197810959231,B
9891.503959233652,0.9097600432046872,1.299397194780955,0.06928557558178115,B
5258.442363950455,2.59655378392243,1.3341702443590404,0.073463754545933,K
5218.789589209786,1.149376454182843,0.6329131006107521,-0.09858038086678267,F
6451.533247797384,0.6241044749524078,1.0409977782067803,-0.02841550979287972,F
5962.018463473427,0.7868212018972284,1.2286402023076206,0.11947628618769378,M
5447.768048558262,1.5742228545983774,1.7279111610733833,0.08946471875738723,B
3419.0510891093763,1.0566352052688823,1.3522532699123615,-0.1372859451481064,B
5942.936714271991,0.28086101084131665,1.3945283436877594,0.03514799003522017,B
8764.048992950067,1.4596144672876017,1.0419133139646806,-0.19782252493748104,M
7690.840092309955,0.665927957230503,1.705229572601752,0.004693490206036963,K
8186.373253278794,1.9366488881087727,1.2048813979797486,0.1897767016745977,F
3977.56864713763,1.5400240328573243,0.5694560449132148,-0.09478927172689863,B
3020.7903594828385,0.7763390521706244,1.7016849850625952,-0.08343230454915822,O
4748.426159800703,1.6405081808675566,1.3489516362695138,0.07640297815728596,F
5111.449824577389,1.0339277552637016,0.7784779894357589,-0.1542801515209646,M
7188.383036941897,1.4263868375611097,0.7602535163003783,-0.06327550298850391,K
1615.070740570361,1.2423664086472375,1.1482877725703808,0.05964411375817527,O
8059.100638921227,0.5768216725045632,1.2315923976337924,-0.06342858476894031,M
4683.984202842021,0.678225083841269,1.0986461328156032,-0.023596998721097162,A
4146.23786010516,1.5149804087905805,1.1556543367214425,0.07441857103150346,F
2975.791249479665,0.8326123339467295,1.8499786872881903,0.04215460835365613,A
1690.2866562684612,0.7981757683790016,1.5357715761174429,0.02668183962954019,M
6646.341167923829,0.5224387103253235,1.0953177956325122,-0.03391222792700387,M
5146.635934376808,1.2117995327967306,1.4706552903837418,0.037006111526895535,M
2420.078200517892,2.0312624596215727,0.48373804823623023,-0.012373268009975662,B
2409.842455872768,0.46623354287286356,1.1989635249734045,0.045780560992578476,K
4328.430601419744,1.0121097283363791,1.9046531748665552,-0.049693202511797825,B
8338.043050578786,1.7061102777077146,0.8909770523038131,-0.01825689743795411,K
4480.817297272791,0.9601793043771424,0.5761830356904576,-0.0989957792552014,G
1993.7140937637878,1.226185898124867,0.6739555557034697,-0.0035007610006235904,B
4508.513871828111,0.46880323592656015,0.4551834813288058,-0.08110008636288449,A
4454.552860504659,1.2141535486038242,0.6076190459361483,-0.11140464501619934,K
-393.7732858831432,0.9064278674977256,0.8147459507049855,0.025866114785538814,B
4891.410266964375,1.4928649978399315,0.297216490410679,0.021273977585766032,F
4538.130939582644,1.5936930257823756,1.0078091669748015,0.07828737349485726,M
6392.412729626836,2.294781821009307,1.4511385868933235,-0.04311255695750991,K
8697.91218989069,1.2898165866067879,0.5461219099265398,0.04080528468367557,K
7253.130059095514,1.1628981582910831,1.7596419618208845,0.05507975722736633,B
4462.222618890339,1.097192150788668,1.2553960442637973,0.04447738078315948,G
2786.9481825166595,0.8234168535946558,1.5152902928120286,-0.08256536828021421,B
10146.71960649972,1.1692419217308456,0.6710827230739315,0.01493634822711889,A
5118.436868028976,0.8522992949304853,1.427262613533308,0.036414029605466136,A
5027.858583825892,1.084230488134807,0.4540330498023435,0.0007178466907941943,K
4951.749825779993,1.65879876780398,1.4451237504182544,-0.20864776583710848,K
5396.1695215357095,0.49672871736017943,1.0859196698967657,0.01604896239734801,B
4711.279176152115,1.5699392805645227,1.2766256099923918,0.22125310393972422,A
3852.6759862395274,1.6585575336699327,0.4122026971875742,-0.036003926875698276,A
3906.2821175192157,0.9409657365044606,0.5524650788616976,-0.07280770978553212,G
4934.493459568003,-0.06092744950429729,1.2986141091266923,0.03733485597113982,F
3913.1504577324704,0.6960890064527838,0.5258259978878996,0.031237821046657174,G
3574.3084346456712,1.6484972732805545,1.2316031460495616,0.11927351654164145,O
5212.860455383794,0.9885659688505589,0.31643109676987713,-0.12578681559088878,M
4490.04556515829,0.5003488838525446,1.424087106333334,0.07313802525749924,G
8007.985977165377,0.7476125393858912,0.38373834261574546,0.05904220612514635,B
-301.9396167860241,1.4203100132522766,1.2761499688397615,-0.014214653694054611,F
7183.013703844923,1.2733667841006897,1.3128154668230003,0.033868731792169,B
7492.170384995258,0.8805339504151528,0.6516140907852126,0.10294574815983573,M
853.2195351837008,0.8165877940926562,1.2910132835423633,0.08723153800284504,O
4314.624811839302,0.804120925478089,1.130221131666778,-0.11430193120737286,F
4257.118268008417,0.5387949077507488,0.7305790719036309,0.08201581867554845,K
2184.9766105643575,1.8076878447347209,0.49572265796189596,-0.006468860503251849,A
3444.3666248182494,0.83883976539433,0.018687154163710473,0.0072874098015515395,G
2778.8483090683426,1.6085792604127482,1.1748250236498468,0.00731969910016945,B
8504.540886847246,1.7606580259612257,0.21759861431897243,-0.015024298879825999,O
6871.356786294922,1.4991554490739802,1.0476720997206541,0.1191707497107065,A
7543.110189988318,0.7841898436409758,0.8682758919588754,-0.008371795984921201,G
6443.34412808647,1.2018650451683048,1.3395713877190978,-0.11195461283831687,A
2741.8964575655414,0.9879021968045419,0.8489772502550679,-0.03935298559697289,G
3950.9594674404525,0.5481490696349359,0.8352761068264543,0.01786947168104756,K
5978.749122455836,1.1621796408608014,1.3659353521441477,0.12292147842970505,F
2555.7443822161094,0.41048010442009875,1.1675290145420587,0.06030946849488336,A
6425.996860344776,1.5938396942307818,1.158077978591389,-0.0850535278747044,A
4519.34920368373,0.7676913513508035,1.2346337949042632,0.24851899166788916,A
4250.358384900805,1.1005798279364196,0.2322139383964471,0.026477531097797963,F
6421.919936406983,1.141643935773071,1.378394339993491,0.12753907379990148,O
5888.526622972079,0.8705475131479613,1.306234397006801,-0.015171443357722914,G
4278.06766836184,1.2933469007376375,0.4916584357117514,0.05333592447054494,K
7318.659606728496,0.7625481716887378,0.8779597631628994,0.08394685045184047,A
2837.8733448002054,1.435648648728622,0.9803463561861844,0.1218194711754256,M
6231.871213888528,0.32701015987662574,0.9327516077991337,0.10573683053782251,F
6186.202515936768,1.0631897897732059,1.1669299832842674,0.08721970000729778,O
4380.90712137202,1.9694644995291424,1.7156833909155917,-0.031508673119410864,G
5652.266044484236,0.49983433769721264,1.5408833638364143,-0.05717460419560614,F
2497.7728472293943,0.6611275147375743,0.3438904032842969,0.03326075103241976,K
6848.054038413802,1.2569539248294574,1.3110349951530242,0.09331280723410694,K
4630.195727114022,1.089790890969799,1.664466659767705,-0.022272070077660706,G
3954.553958961921,1.1753150496367797,1.1934042603446013,0.10651719657143865,A
7098.018451673779,1.2445935650738318,1.5454902125929835,0.14526167454861794,K
3591.3126189144814,1.3173607342808848,2.0061352228503826,-0.09163209190734198,O
2183.0774072728805,1.5548499209781115,1.5118547730534906,-0.083692070379628,F
1886.7416529521925,1.2049093284642562,1.1246542978208645,-0.014037505890533646,O
6212.01990269128,0.8793711726907287,1.5225442370423767,0.030761266818919643,A
2439.1412950074337,1.3362868506013656,1.0724439165484456,-0.0524567013767051,O
8509.588363968729,1.9499409674476078,1.0119515216424777,0.13522026788671446,O
836.141184232556,0.9336831268087132,0.8242928821431337,0.04240668615184512,B
8392.912736580076,0.5127353476646792,1.781706679416054,0.003944704824073949,O
5422.0349344052365,1.5535403346434864,0.5907856670289993,-0.14359095238685277,G
4806.573776259215,0.9398094180232008,1.766183862339058,-0.13158158164275072,F
3910.1618263821006,-0.08633477300701808,1.2499320618701857,0.02810092502818063,B
5798.2722287041415,1.4237108385752109,0.30034691259902924,-0.21325956261548362,F
4924.730595150303,0.7323359070230386,1.1838246464957107,0.10126374096440718,F
7206.603764033043,0.9547333588479197,-0.05001325382581201,-0.01581538443723203,A
5228.455297324079,1.1659901652845073,1.3127540084155178,0.32430929695947336,A
5300.603522923755,1.0952498398895332,1.4426157414944956,0.23079162506161108,B
4272.775575572288,1.3547259085695198,0.7038220221739733,-0.018144906924751677,K
4886.108752557865,0.7822568147150784,1.0617738479777912,-0.010633700253131498,M
5615.603537784118,1.2565528990880415,1.9770787168751431,0.09955815140020298,A
1579.6632146867487,0.8702266612080414,0.7471266478690317,0.17031726099180378,M
2303.629155788574,1.3694052404437516,0.47054620647169976,-0.16380290574360168,A
6486.5281880454295,1.3076837420065268,1.7408317012312993,-0.17863754653546868,A
5341.730876255884,0.5322806489777023,1.9812935952653974,-0.062203480555438145,F
4632.033327294642,1.5429910580875161,1.0018478359239236,0.05827375831738644,B
5036.867866130787,0.732018277442976,1.5057315177041781,0.049687359050759716,F
5695.163410723342,1.4040288991405725,1.6707379577654407,0.10697714549838502,G
3920.480639381277,1.1836436567006703,0.628757883730808,-0.11996975283653083,F
3443.3905491953747,1.9190918383975613,0.7573470823160658,-0.2316143862968877,M
5391.6905101953635,0.8882670088140739,1.6154372565773674,0.08580141953021454,M
3043.2544447699356,0.8253416019409012,1.8425071393542547,-0.08281962729652347,G
5816.5055114289435,0.9902901970561337,1.2814404300871773,-0.2018487864388638,O
1594.8327915243194,0.8484101085828623,0.5600928232489728,0.014506374595938162,O
7058.311274651287,1.399970950971025,1.9935305558497207,0.07931756882186775,G
5945.194964826086,0.19184469578170604,0.7345145510940178,-0.012205713212127727,G
5512.059468627751,0.47315879042682296,0.8324311094142741,-0.045784838618248926,F
6965.381967891028,0.46609853921040345,1.1711689172448108,-0.015936223214590657,G
8330.948888925153,1.4751537959867878,1.777080210357387,-0.037058276240078285,B
7028.740130036261,1.8553066862909626,1.4269879882761118,-0.1348047111940167,O
1318.2515373367096,0.9477753907312643,1.2074327501809552,-0.07146806769904318,O
2440.846066528597,0.9155891384049947,1.2316442650590531,0.05212799050138145,K
3750.3628446086423,1.0350260815565906,1.021757334321733,0.03216785413765001,G
5052.182100421667,1.5809391513040953,1.279069757259253,0.016805980596682025,A
6035.318040938246,0.536323432904713,-0.2647800388471515,-0.09951484818533796,A
3548.512373693069,1.1191844913673925,0.8516962704651008,-0.018150316213566716,G
5373.533528954156,1.487598814891215,1.1206609674583905,-0.21770650464428548,B
3489.234135293355,1.2505470849699227,0.42449295819024646,0.017847666388538973,A
3776.9643940161036,1.0947908082993716,1.19316165890578,0.14288577078135675,K
2186.6778063035554,1.5005230462835706,0.8977643895069393,-0.14741321320421058,M
3153.5335077781915,-0.3516161464996186,1.877737849157745,-0.058592767331775535,G
2296.630788767333,1.3389376597654539,1.7865098626074283,0.032910677871012955,B
3048.2534940453343,0.6729621584362881,0.7670972154409186,0.12528426344274837,B
7107.2835932156795,0.08468355157177154,0.9245811442166524,-0.044822461630014944,F
3101.2022223361137,1.2556012997624904,0.9630262171958037,-0.06922503292658964,B
10264.764129674782,1.6868292725814789,0.7741702619201887,-0.19689231424160833,A
5986.635801761779,0.9312757426861541,1.0975124920140633,0.010343812930810638,M
5369.672247389748,1.4764372736014695,0.6208589655562049,0.20420760401437443,A
3283.284439637573,1.8061391289943227,0.43469233253123685,0.02773584619646759,G
6400.619758817983,1.6574572267920238,1.3113556119501344,-0.0022278979183713316,M
3848.7243475244522,1.8199822646856965,1.3147647921109054,0.03220823107669855,G
5244.019629290723,1.3710637455359462,0.5978421201700038,-0.001109200394860206,B
10120.16907653759,1.0377168194507964,1.4476777153812999,-0.08130143722601299,K
4807.8802005507005,0.19901709405141577,0.6842111354173344,0.08232799156777054,O
7298.546652571351,0.8769687559350257,1.1265826190189907,0.02257615231117544,M
3593.6471497482253,0.5783767023419042,1.410172006306228,0.0017613251933657316,F
4930.0230190060765,2.085471358748907,0.9831937176481435,-0.097536602727825,O
8541.60127127102,0.9120570937838317,1.2273704560705672,0.13035079319347592,B
3746.0658844244654,1.0616024033922429,0.7417851780562141,0.06647027453331099,B
8624.897115993857,1.2757426880202338,0.9017667082859514,-0.0552920837367302,O
6415.50387091095,1.0218012231862268,0.8970702845598298,0.10018248536819373,F
3875.066448211465,1.8475255202153766,0.6267108267298805,-0.04975708383852072,M
6264.815478111042,0.688675319132774,0.9116129184421089,-0.0782003492511037,M
6945.10889925346,1.0973037276186213,0.22569085056812666,-0.07597031174802871,O
6243.619924434393,0.6287647071509759,0.7544231264289476,-0.17710685530880912,G
1859.550560219087,0.3399887443896471,0.8575622533151646,0.047154238041820576,A
3545.725648350263,0.6941154545473573,0.8719101237523099,-0.18311448783383502,K
4504.9627288969905,0.981481601475794,0.8792512770646106,-0.12284438312657626,G
4851.133141799907,0.78534888774137,0.9691179000699356,-0.20755880090785334,M
6241.344195101356,0.653789510063072,1.239720759043032,-0.008606969279089306,A
5355.402001866508,0.29684126816408307,1.4372585370662612,-0.015032046027187208,K
2329.3112825797975,0.9584472136856527,0.6751173865758664,-0.032669621318636405,K
5760.395702011927,0.24763981298449889,0.3983995723054278,-0.10425776946705763,K
6221.171490567646,1.3800279818448014,0.4789777938784485,-0.117223375343664,B
6119.58089586208,1.0412198764672516,0.7563985394025364,0.04643698635465742,K
7161.5614511092435,0.2712242502675347,0.8240393410917455,-0.055055193170848775,F
6667.844309097808,0.8453954614750683,0.6150019669012714,0.03163583215361448,O
5918.360158456873,0.6239217972047084,0.35194166787505277,-0.08852486861242226,M
4859.668577082706,1.1595872552095903,0.7719395862629059,0.018106274277108234,F
1678.0781329680171,1.6702252230115722,1.0907133100569857,0.13032780373160638,O
5859.236438265172,0.06241376517712771,1.2975147329177823,0.05861658003927833,G
5415.375374326222,1.0575130395737087,0.7212884734458394,-0.04124138182164804,G
5543.157674390747,0.9199336022166797,0.793501088928283,0.02571989703559274,O
2446.502848359381,1.335670038225233,0.5366508455763446,-0.024066517453021304,F
2837.886919183475,1.1065983141188447,0.9842804148126117,0.0007880184694728153,O
7106.3057066658075,0.6240153341305905,0.5757856829045926,-0.03256110521485036,K
4920.88969228669,0.8404730321666909,1.2865639066206,-0.01643352058853912,B
6363.001394745249,0.6019870715982555,0.10706675403294441,0.021209335307417525,M
5056.636752260923,1.538003569299299,0.8201851637737688,-0.09933586995819507,G
5059.51227899149,1.0106558243359711,1.1505536695958711,-0.10158788269899784,M
6876.567611951996,1.9505953428765037,1.0919172581612522,-0.1388542553831211,B
3967.9105435652523,0.9696695930926896,2.3465168319902485,-0.160027110450371,K
5192.241553881967,0.6457966165447686,1.1749000122839537,-0.12172826922204794,K
4075.4494225899152,0.24314280369358643,0.49797270157899487,0.01594625068041292,G
4131.007545135369,0.09843016187202747,0.9522678764554635,-0.0892787515491884,G
4381.6557530627215,0.20793202849725512,0.11187683326677411,0.05136144642310963,K
5444.267543267426,1.1335633255057418,0.9597001253516195,0.0034713748752561863,A
4042.5027566730455,1.2543625116149668,0.5834719714996206,-0.19685042134380537,M
7511.512251147042,0.2094046489839333,1.4576951377800809,0.06549755842216898,B
3210.785395560992,1.4475191570380577,0.7252298627022326,0.08107986455917099,M
4626.256711677282,0.7584694741582803,0.9416170421023767,-0.09938626748348534,B
4120.5378834516505,1.0733965059927746,0.6822210792977983,0.042019154289499164,A
7893.955768707466,1.8061103141277122,1.8694256759266656,-0.0856498237409199,F
5393.10955302315,1.448419657932766,0.8393786169410442,0.00976703767483354,B
7063.68907893727,0.8657346760470839,1.916278521739601,-0.12644984069549656,M
2028.8792539260562,0.5544038872923562,1.4070758810591333,-0.1793106452534577,O
5534.100531738518,-0.07590770066465247,1.2410333636676931,-0.03828171896129687,K
6779.261591246874,0.64042334037879,1.1843665736587599,-0.012372894627483616,K
5164.567978550848,0.8944348805861528,1.1968986491081257,-0.039767969361460404,A
7130.960750130702,0.5064102364244081,0.03616371032719501,-0.11840305582225595,B
3965.4230997992554,0.9343715164538476,0.8605583029246218,-0.03998990621311371,F
7818.69488037116,1.0384259414793842,1.422578985592161,0.0269294752580734,B
9597.7962472385,0.8875720090959607,0.9755514082629473,-0.004489303012253698,K
4274.322879120682,0.6749987095882701,0.29740507659821247,0.018250103059921342,G
4108.994957198456,1.0843273359833638,0.9737977747112653,-0.0670115200454233,O
7906.768954235402,1.2209703247847046,1.8520527581277455,0.11717179147161597,A
8159.144291461425,0.454800461278577,1.6234458577673596,-0.11761733365547807,G
3954.2799456934636,1.705466189873135,0.9689979953169842,0.048756029708671864,M
4159.626365808285,0.9507059338578692,1.4757246385290432,0.11818910929599616,F
4436.430782278985,1.0094248114724238,0.8167464898159741,0.04809080927488954,G
2311.098977931446,1.3541072116282786,0.14806420658664055,-0.020252422706483003,M
3162.696107031604,1.1166080656317507,0.5377670059352229,-0.05282970466629792,G
2991.718466495864,1.4765683169566226,1.7814443842540988,0.1036087651046256,F
3464.4048697917433,1.143562082600912,0.8630034590853479,-0.1422974925261673,G
4930.630225226438,0.693781312679781,0.878308010312491,-0.09701242603796437,A
5468.429465073042,1.1807517626030508,0.8500809018625597,-0.039755776549172145,K
8101.000985628154,0.4281368963396691,1.9520682947865033,0.12376537575119982,B
3003.291918522418,1.0542798528882615,1.8129794576810316,0.03797676360408961,G
6968.644796953167,0.9833850046777696,2.109390116724067,-0.09680457585102453,A
4572.0223115489825,0.8959415713637302,0.9204773947999744,-0.031030770538490366,B
4901.072580695134,0.9357312442805347,1.1478122443735475,-0.06143231440962944,M
6349.638984333207,0.05907547725118045,0.24167872528960443,-0.07097889922335351,B
2754.555956875403,0.7256375461295193,1.7384672130591372,0.09788895585567792,M
5764.819492368101,1.0464224505705573,0.4161102243660325,-0.13717431292635057,G
5332.904416426112,1.0799281959987002,1.1083877818813146,0.16087808557343736,A
5984.902528016299,0.48616242953702093,0.45134873618357796,0.08282296901846228,K
5578.337287815636,1.6328539204323502,0.705566586630652,0.1090861670603698,G
9910.600279821789,0.5669125758927496,0.5813687844751498,-0.04629395120252583,M
3724.520031497368,1.4847286002633684,0.6960623696620911,-0.014994071907910937,F
3938.0060899963646,1.2135971809358423,0.7304386484255108,-0.1433151814524712,B
3753.718947150471,0.6768863450780984,0.7258656025374615,-0.0524662407066803,G
3889.0457616794906,1.887655446304756,1.4166669558901535,0.04936548476431509,M
3725.2257453869647,0.40318158412176,0.44756860346873995,0.12960630617813962,B
7378.033062215103,1.4595770868050009,1.1102707135069334,-0.11071568168024518,M
7841.00849597971,1.5002911590214891,1.6089795761527792,-0.03655059369852658,A
3858.5074125010474,0.6646898954616776,0.7434018177433019,-0.015129922023252232,O
3335.2888537915424,1.6962326500321643,0.641040554626199,-0.13957892021924853,G
5942.831112772808,0.8749767427005236,0.8847376874098746,0.059134924175840035,K
3895.553911438057,1.1443468146399285,1.5898626041803552,-0.07239903317426091,G
6265.863635511021,1.1301609193856104,1.097053815476679,-0.0195390351177024,B
5405.846041702599,0.9328456292647261,0.7343928526962007,-0.04519493719118777,A
1968.5117700055362,1.405404136579891,1.24193832559402,-0.07893385057196745,M
8095.010402660124,1.3967443602761065,0.44885392508178834,-0.00070449854805547,F
8591.755346191043,0.12573401338090961,1.340679755221474,-0.02156095785680224,K
3774.4226190312274,1.6521701214390763,1.2043036538508838,-0.037185788227866556,A
4224.596880128031,0.16875400598216284,0.846095764430558,-0.07284616216803429,G
5571.73078144981,1.5162731021708287,0.5807071007763844,0.03195246707829554,F
5668.91357997405,1.5633525684137917,0.5566595388582714,0.1653617268492285,A
6317.088545345661,0.4545167848924009,1.267408668172955,0.013988723283912739,O
9020.409077532699,0.7945928560227076,1.614490251244531,0.0996118214911129,K
4646.105545011901,0.44714766575703213,0.6813461264856027,-0.13902219251534628,B
3403.4055109230926,0.8925394848556323,1.229193351775742,0.01577614392937695,A
2241.3615439709456,0.8459828579071293,-0.04351350930103437,-0.10973683189710666,A
3538.139920116162,1.38983026613467,0.7076911346714002,-0.14769249275319016,O
4933.746054252406,1.6551543730598042,0.984470533564549,-0.07393714074590363,G
8589.115727035576,1.697841905394978,0.5451582915090831,0.1191899334413573,M
3964.777401927657,0.718915986710849,0.5317468126052021,0.09500158286696457,M
5447.575903277797,0.8953890631277361,0.6661102217655569,0.02430047220543997,K
4967.154207854496,0.15828090388952487,1.1460963641631865,-0.1532700559889931,K
7376.786546896168,0.5970649667519057,0.9063354907968126,-0.01962806513879368,B
10053.864851747243,1.4824258165487287,-0.11911561666248605,0.030170000890173555,A
3938.2624541593586,1.8077914117741158,-0.060350076317533086,0.017553622957859793,F
4021.1211149635556,0.382825564060039,0.6965674110714123,-0.1843793583480746,A
7088.321754138144,0.7037678704235528,1.228843293026776,-0.08903178480198719,M
6363.782979252623,0.9867971215205364,-0.3737524213626173,-0.0064077764148716635,B
8693.414651472067,1.1400805794098035,0.7501349119241847,0.053629090951719,A
6167.856370651928,0.5951982400391769,0.7368760717412894,-0.21961278210999466,O
4281.415818425881,1.2120305222320449,1.694168889104224,-0.016212397547985844,M
6181.309661384618,0.7630803264645419,0.8074890941435682,0.014304876987895235,A
7217.4071611658155,0.9927738645608605,1.1914944923704642,0.08496119885162132,A
6640.964362394729,1.2731421240018497,1.0706285700437317,0.06928575842374367,M
6014.548062214595,1.0032111349054689,-0.0652832399036003,0.058257131880880525,F
7133.349379178308,0.7818070547367157,1.3841036083158686,-0.07999405067019343,M
7338.591180891346,0.9451950980370846,1.107698252728144,-0.19080021371233077,O
7764.317982075054,0.9558185203973324,1.2541343198372947,-0.0393052757061401,O
6297.419775179285,0.8149944850589361,2.9631188532181634,0.10016318252085601,A
4665.763839366291,0.8706019686664488,-0.04205646974929422,0.13934545275244314,K
5293.427372866646,1.7993235852523584,1.8623483248805544,0.07105491022977854,F
7413.017933016714,1.2804597239706195,0.8562762402998222,0.04293408228017344,A
3366.128658025528,0.8522598409854198,1.1436644522015047,0.03796396483859655,M
5737.346617745802,1.348477202255368,0.9772438773493789,-0.05561187467607806,A
4213.3223753452785,0.833090255121995,0.7878818333009783,-0.013006029355362004,B
5057.489645869635,1.5865623187933207,0.7150835358806207,0.1669069525826331,B
7556.903725214597,1.1848210960990468,1.1647543677865047,-0.09425580057918764,K
5382.198136039807,0.9463489279978856,0.24141315166416044,0.16147787907098515,F
5092.873096312298,1.2238584629051388,1.3752895837608827,-0.03220281544920584,G
2280.2877180401615,0.21456192396575036,0.791902797557373,0.13254321090950785,B
6492.507132054441,0.43661626554509736,0.4349653304798211,-0.14068150094975382,G
6290.96836228215,0.4030374968004723,0.7749935710020932,0.05859042011646492,O
9326.50944661092,1.0714715473818535,1.6285746084312864,-0.0736770135947622,B
4384.443530093999,1.866257499742546,0.7323324564918885,-0.14152671919241874,B
5438.300655327878,2.115650073096316,1.1792268091048101,0.021853404241094568,F
5498.76736742151,1.3190255507203785,0.6345218621422634,0.10094717885959688,K
8154.906559526949,1.2504222374722285,1.3789609249618098,-0.08449414385934964,G
4809.408935226096,0.09947113292363052,1.342753869395102,-0.14990159604584014,M
5558.043051540679,0.7286631001329891,1.9243044166482057,-0.009184476433495513,B
6215.793019433078,0.6061081240458805,0.9122180272503922,-0.008743532877718108,B
5373.2182463127165,0.6895762008744419,1.3343274023789533,0.054831962755449874,F
4107.132770898944,0.9159280907076052,1.0490337697694723,0.09495945713644882,F
5388.179985796615,0.7639547111514363,1.6479358909315072,-0.00594151812724941,K
7147.263499719544,0.010350094812106136,0.6405838061956348,0.18555033147942632,G
2946.9694011778797,1.373955128058767,1.3725026564386407,0.02242347445352918,O
5265.939348293752,0.46362848713009674,0.9026513519416591,-0.03464265060068996,M
3599.7583701216536,1.1196234320555747,0.9679059114457511,-0.1611567359102828,K
7390.093257849685,2.0370413348749867,1.0458762422241865,-0.026265952031616774,O
1953.6261904324506,0.5403077042067883,1.1261201982133386,-0.03363869454111362,A
3882.1563054568232,-0.26514376137316487,0.9418854784390209,0.09603047962814704,B
5754.423750129042,0.8569978890599446,1.1073565915852632,0.04624836240668541,G
8131.048058468681,1.5504798174992855,1.7890590287810921,-0.11793691216326173,K
4868.499477854024,1.979173727110297,1.4927248428076092,0.01722543864110375,B
3889.600946613603,0.3852252027737916,1.4345772962484482,0.06715311717290534,G
8762.31413888118,1.2483496116182609,0.7722302369880647,0.15280313593878328,G
2103.972199167512,0.7673447716099733,0.5553795858858379,0.08875039674140595,G
602.3880867598364,0.9470258228479321,1.4776502791188764,0.07608466543114778,B
5880.028900106665,2.3221716735085174,1.4380233962648972,0.0060085994615163615,K
3995.891551294778,0.2485148358024234,1.736335337875491,0.038831200542344964,M
2957.534365738574,1.1268698307472866,0.6980096870153852,0.12495049007061587,F
6416.712894598707,1.2338465858827166,0.8852256723198264,-0.13327773974796497,B
5487.601427542398,1.5428931624696736,0.18025791873728292,-0.034943932721695596,G
3871.842738526543,1.0489915767354476,0.8037644469695635,-0.07725687487562408,K
2439.391202658211,1.1540252697520512,1.4982852552897237,0.03791531187261241,M
6744.91465656029,0.8041757162891044,0.7667523103859011,0.12302221756507876,A
6300.402355917322,1.1345634706225536,1.320239897600412,-0.059697428672107394,O
4801.648272441234,0.8284038622512948,0.9047484470010944,-0.2390304367469438,G
8693.273992095332,1.3107859449280255,1.1620285141107802,-0.04122207450244702,A
2859.830467347695,0.815194831978183,0.42615430509216634,0.09134737320174066,F
1948.9496581505223,1.1885501969510932,1.0426047248169505,0.05376299029498797,M
3616.183860237511,0.9853685931575108,-0.4955679854503616,0.042818624781057614,M
4908.827967289004,1.563025125386084,0.9065519209190076,-0.027999330187447977,G
5486.678898645384,0.9743031382057569,0.18476337814242993,-0.12790307362197864,M
4517.52788428734,0.11348376589655929,1.602997258273408,0.051529432162446744,A
5704.110793028593,1.6309607503569958,1.3887036763822556,-0.08342818100346248,G
2496.9211516191117,0.5471338495686906,1.2333354909830405,0.21840967333804562,B
7887.5292081465195,0.6731168306755901,1.76050311357969,0.057050720835451596,K
4835.697643214862,0.702169352978254,0.5255417395875814,-0.058064830255395106,A
7234.591663176256,1.6872190465854087,1.873681598957779,-0.061138524738862825,K
5685.450692755408,-0.06783710698934775,1.4660957821301923,-0.009294420661358828,B
5913.506438307568,2.568874266829997,0.881722356390527,-0.02395019220217498,B
6139.534560464408,1.528028404533026,1.5678100735914722,0.11168337755299543,K
5895.41712003463,1.1116194570645799,0.4468532437941829,0.018641616974404633,A
6285.445519735088,0.9725529996918568,0.5877429192361632,-0.0731631738908528,K
7658.305060264863,1.1427770374288284,0.6957051383801498,0.18904406851557828,K
5393.04233940294,1.2605612141896692,0.7355111459679924,0.004930833152022264,O
6418.007515177024,1.3226077929750284,0.4717211786198736,0.07688396759688969,A
4820.528611425547,1.2778022330017242,1.6115415335476624,-0.06082265074447593,O
7880.234430898945,1.0447903406276244,0.8705727998150842,0.03631156277445234,G
3647.2153958814606,0.901330789846337,1.1762524841784399,0.031110999114319523,M
8601.880865821631,0.9243633581732441,0.7148243167931597,-0.1889649292096153,K
4919.684098711313,0.9025458598236595,0.08969834972574142,0.20152751104606403,G
2138.4497957639037,1.5668850484335324,1.135028679195711,0.12906444609225473,A
5256.208829821579,1.2967783611404309,0.043872512290111576,-0.03971953161459876,K
3637.8966850502384,-0.4701943173321401,0.9656829769572657,-0.11022697404558555,M
6681.287097977448,1.3279503882648804,0.31584248058359476,0.034756161380355206,G
3694.752041395218,1.0973680973593873,1.9936379996154039,0.00866976994143966,F
4107.633133570441,0.9906456217770513,1.455681361087361,0.03556689485632294,B
1220.9185381089378,0.8057407734555571,1.0528768956357402,0.01915773961940896,K
4095.3873615018465,1.5620563599930066,1.6318533388273342,0.05062409893059261,M
152.24134674208653,1.473763231061429,0.5768420112671321,0.14473056993918065,B
1832.1943530285535,0.6135611660881954,1.2717396893350466,0.05681032051286461,O
6520.829312288595,1.2035261435622675,1.0999052168593568,-0.10496554989099412,G
6571.600317301664,0.5141716327293571,1.132010040666835,0.1362562852712452,O
5850.915123569929,0.31019091760553474,1.636176750053384,0.16406145634882874,M
3066.0477137415737,0.6866413877050175,1.366246051389901,0.31520567345120853,K
4904.577287716041,1.4311967361913793,1.1443618314125117,-0.1123494033239598,B
4992.794921818863,1.4765625226880434,0.17255628188585193,0.0242882013150275,B
2683.2706216149145,1.2565427100486466,0.5199768523602681,-0.20820987031889873,G
8006.7966035343015,1.3625478934239985,0.938645533202138,0.05531491563792092,K
6754.724581151343,1.2580891435574793,1.0466861871383255,-0.05482002981667727,F
4558.071652340672,0.6792592023885239,0.4348981376630381,0.19234457948249534,F
5053.771677989062,1.2159612723369704,2.205838337789211,-0.0774614970018582,G
5416.765615895105,1.4002047626138412,1.7581970276267864,-0.16891830379672618,K
916.5302631514187,1.377145664906787,1.3010591601962418,-0.04712637407025197,G
4505.645234958806,1.5944566857373215,1.0360184306418723,-0.19754877712171376,K
3636.031504004403,1.354151923600532,0.8938955150494241,0.07510994545073102,M
2996.759980210169,1.1757241037707915,0.5240407699888823,-0.20650830462563208,M
4437.79941422809,1.5350751191582137,1.0387402592594313,0.0028457581183158882,O
8595.373053699044,0.98673937037547,1.1288762700713753,-0.20778118198561968,G
6281.68572253402,0.5590626743861411,0.37911971225918784,-0.03202978045366419,K
3857.6420204344067,0.9184665180281181,1.1670882086224488,0.1643378155804534,F
6145.165562712317,0.6275486775967755,0.9223704755876256,0.036064789143579495,K
